<?xml version="1.0" encoding="UTF-8"?>
<beans xmlns="http://www.springframework.org/schema/beans"
	xmlns:xsi="http://www.w3.org/2001/XMLSchema-instance"
	xmlns:context="http://www.springframework.org/schema/context"
	xsi:schemaLocation="http://www.springframework.org/schema/beans http://www.springframework.org/schema/beans/spring-beans-4.3.xsd
		http://www.springframework.org/schema/context http://www.springframework.org/schema/context/spring-context-4.3.xsd">
		<bean id="CollDemo" class="org.cap.demo.CollectionDemo">
		<property name="names">
		<list>
			<value>Satyanarayana</value>
			<value>Padma</value>
			<value>Sravani</value>
			<value>SWaroopa</value>
			<value>Eswar</value>	
		</list>
		</property>
		
		<property name="address">
		  <list>
		  	<ref bean="address1"/>
		  	<ref bean="address2"/>
		  	<ref bean="address3"></ref>
		  </list>
		</property>
		
		<property name="fruits">
		  <set>
		  	<value>Apple</value>
		  	<value>Grape</value>
		  	<value>Banana</value>
		  	<value>Apple</value>
		  </set>
		</property>
		
		
		<property name="address2">
		  <set>
		  	<ref bean="address1"/>
		  	<ref bean="address2"/>
		  	<ref bean="address2"/>
		  	<ref bean="address2"></ref>
		</set>
		</property>
		
		<property name="map">
		<map>
		 <entry key="1001" value="Tom"/>
		  <entry key="1002" value="jack"/>
		   <entry key="1003" value="jell"/>
		    <entry key="1001" value="jerry"/>
		     <entry key="1004" value="Tdfdf"/>
		
		</map> 
		</property>
		
		<property name="myprops">
		    <props>
		    	<prop key="12">Tom</prop>
		    	<prop key="14">Ttr</prop>
		    	<prop key="31">Tomfg</prop>
		    	<prop key="10">Tytr</prop>
		    </props>
		    
		</property>
		
		</bean>
		
		 <bean id="address1" class="org.cap.demo.Address">
		<property name="doorno" value="21/B"/>
		<property name="streetName" value="omr road"/>
		<property name="city" value="bvrm"></property>
		
		</bean>
		
		 <bean id="address2" class="org.cap.demo.Address">
		<property name="doorno" value="22/c"/>
		<property name="streetName" value="omr road"/>
		<property name="city" value="hyd"></property>
		
		</bean>
		
		 <bean id="address3" class="org.cap.demo.Address">
		<property name="doorno" value="23/B"/>
		<property name="streetName" value="omr road"/>
		<property name="city" value="chennai"></property>
		
		</bean>

</beans>
