<?xml version="1.0" encoding="UTF-8"?>
<beans xmlns="http://www.springframework.org/schema/beans"
	xmlns:xsi="http://www.w3.org/2001/XMLSchema-instance"
	xmlns:context="http://www.springframework.org/schema/context"
	xsi:schemaLocation="http://www.springframework.org/schema/beans http://www.springframework.org/schema/beans/spring-beans-4.3.xsd
		http://www.springframework.org/schema/context http://www.springframework.org/schema/context/spring-context-4.3.xsd">
		<bean id="employee1" class="org.cap.demo.Employee" init-method="init" destroy-method="destroy">
			 <property name="employeeId" value="1001"/>
			<property name="employeeName" value="Swaroopa"/>
			<property name="salary" value="50000"/>
			<property name="age" value="21"></property>
	        <property name="address" ref="address1"></property>
	       </bean>
	       
	       <bean id="address1" class="org.cap.demo.Address">
		<property name="doorno" value="21/B"/>
		<property name="streetName" value="omr road"/>
		<property name="city" value="bvrm"></property>
		
		</bean>
	       
	       <bean id="beanpostprocess" class="org.cap.demo.MyBeanPostProcessorImpl"></bean>

</beans>
